{"accuracy": {"train": 0.9916666666666667, "test": 0.7777777777777778}, "precision": {"train": 0.9923857868020305, "test": 0.7818181818181819}, "recall": {"train": 0.9923857868020305, "test": 0.8431372549019608}}