{"accuracy": {"train": 0.9902777777777778, "test": 0.8388888888888889}, "precision": {"train": 0.992462311557789, "test": 0.8035714285714286}, "recall": {"train": 0.9899749373433584, "test": 0.9278350515463918}}